frame_class,vaf
Missense,0.1347
Missense,0.1473
Missense,0.2364
Missense,0.2521
Missense,0.2594
Missense,0.3055
Missense,0.3186
Missense,0.3277
Missense,0.3402
Missense,0.382
Missense,0.3857
Missense,0.3974
Missense,0.3979
Missense,0.414
Missense,0.4247
Missense,0.4343
Missense,0.4498
Missense,0.4777
Missense,0.93
Missense,0.9805
Missense,1.0481
Missense,0.085
Missense,0.0919
Missense,0.093
Missense,0.1383
Missense,0.2335
Missense,0.3081
Missense,0.3844
Missense,0.4562
Missense,0.608
Missense,0.685
Missense,1.1698
Missense,0.1119
Missense,0.1919
Missense,0.2612
Missense,0.262
Missense,0.3923
Missense,0.473
Missense,0.4825
Missense,0.5031
Missense,0.5442
Missense,0.579
Missense,0.5932
Missense,0.6466
Missense,0.6764
Missense,0.7911
Missense,0.8923
Missense,0.9688
Missense,1.0896
Missense,0.1007
Missense,0.1268
Missense,0.1408
Missense,0.1422
Missense,0.1721
Missense,0.1802
Missense,0.1824
Missense,0.1911
Missense,0.2092
Missense,0.2167
Missense,0.2167
Missense,0.2191
Missense,0.2211
Missense,0.2213
Missense,0.2389
Missense,0.2405
Missense,0.2411
Missense,0.2412
Missense,0.2453
Missense,0.2464
Missense,0.3106
Missense,0.3519
Missense,0.3548
Missense,0.3645
Missense,0.3723
Missense,0.3885
Missense,0.3977
Missense,0.4268
Missense,0.5016
Missense,0.5273
Missense,0.5674
Missense,0.5733
Missense,0.6064
Missense,0.6135
Missense,0.6226
Missense,0.648
Missense,0.6635
Missense,0.7632
Missense,0.8664
Missense,0.9028
Missense,1.0382
Missense,1.1576
Missense,1.2087
Missense,0.1461
Missense,0.1494
Missense,0.2094
Missense,0.2653
Missense,0.3488
Missense,0.3872
Missense,0.4335
Missense,0.4369
Missense,0.4949
Missense,0.6044
Missense,0.714
Missense,1.0569
Missense,0.0562
Missense,0.1662
Missense,0.2824
Missense,0.2851
Missense,0.2997
Missense,0.3056
Missense,0.3317
Missense,0.3394
Missense,0.4067
Missense,0.4142
Missense,0.4249
Missense,0.4283
Missense,0.5121
Missense,0.5934
Missense,0.6076
Missense,0.9456
Missense,0.1376
Missense,0.3234
Missense,0.3365
Missense,0.3401
Missense,0.439
Missense,0.4686
Missense,0.5345
Missense,0.548
Missense,0.8974
Missense,0.1267
Missense,0.1922
Missense,0.2097
Missense,0.227
Missense,0.2532
Missense,0.2575
Missense,0.2789
Missense,0.3017
Missense,0.3622
Missense,0.3685
Missense,0.413
Missense,0.428
Missense,0.4335
Missense,0.438
Missense,0.4409
Missense,0.4418
Missense,0.4449
Missense,0.4649
Missense,0.476
Missense,0.477
Missense,0.4813
Missense,0.4828
Missense,0.484
Missense,0.4856
Missense,0.4894
Missense,0.4899
Missense,0.4919
Missense,0.5017
Missense,0.5061
Missense,0.5179
Missense,0.526
Missense,0.5374
Missense,0.5395
Missense,0.5632
Missense,0.5666
Missense,0.5739
Missense,0.5812
Missense,0.5931
Missense,0.6031
Missense,0.6347
Missense,0.6678
Missense,0.9322
Missense,0.9323
Missense,0.9331
Missense,0.9598
Missense,0.9781
Missense,1.0179
Missense,1.061
Missense,1.1315
Missense,0.1662
Missense,0.1696
Missense,0.191
Missense,0.2095
Missense,0.2204
Missense,0.2205
Missense,0.232
Missense,0.2453
Missense,0.2654
Missense,0.272
Missense,0.2742
Missense,0.292
Missense,0.2924
Missense,0.3067
Missense,0.3144
Missense,0.3404
Missense,0.3651
Missense,0.425
Missense,0.4272
Missense,0.4448
Missense,0.4838
Missense,0.4927
Missense,0.5621
Missense,0.587
Missense,0.6573
Missense,0.786
Missense,0.3361
Missense,0.3524
Missense,0.3648
Missense,0.4349
Missense,0.4677
Missense,0.4904
Missense,0.4935
Missense,0.5015
Missense,0.5232
Missense,0.5308
Missense,0.5961
Missense,0.7604
Missense,0.2562
Missense,0.4
Missense,0.459
Missense,0.4596
Missense,0.4775
Missense,0.49
Missense,0.5068
Missense,0.535
Missense,0.6766
Missense,NA
Missense,0.3009
Missense,0.3068
Missense,0.4662
Missense,0.9229
Missense,0.2594
Missense,0.3353
Missense,0.3591
Missense,0.3991
Missense,0.4205
Missense,0.507
Missense,0.6093
Missense,0.6276
Missense,0.6392
Missense,0.7107
Missense,0.7353
Missense,0.7579
Missense,0.1182
Missense,0.3549
Missense,0.4091
Missense,0.4407
Missense,0.4629
Missense,0.4663
Missense,0.533
Missense,0.5623
Missense,0.6247
Missense,0.8039
Missense,1.0149
Missense,1.1199
Missense,0.1239
Missense,0.1978
Missense,0.3601
Missense,0.3807
Missense,0.4144
Missense,0.4365
Missense,0.4474
Missense,0.4642
Missense,0.4693
Missense,0.474
Missense,0.4938
Missense,0.509
Missense,0.5095
Missense,0.5135
Missense,0.5263
Missense,0.531
Missense,0.5434
Missense,0.5513
Missense,0.554
Missense,0.5774
Missense,0.5865
Missense,0.6412
Missense,1.1146
Missense,0.0595
Missense,0.0717
Missense,0.1549
Missense,0.3803
Missense,0.4528
Missense,0.4752
Missense,0.4967
Missense,0.5036
Missense,0.5081
Missense,0.5099
Missense,0.5284
Missense,0.5555
Missense,0.0625
Missense,0.1228
Missense,0.1266
Missense,0.1285
Missense,0.1486
Missense,0.1602
Missense,0.1665
Missense,0.1676
Missense,0.1688
Missense,0.1782
Missense,0.1804
Missense,0.1851
Missense,0.1926
Missense,0.2026
Missense,0.2163
Missense,0.2191
Missense,0.226
Missense,0.2276
Missense,0.23
Missense,0.2345
Missense,0.2453
Missense,0.251
Missense,0.2528
Missense,0.2902
Missense,0.2932
Missense,0.2935
Missense,0.3024
Missense,0.3046
Missense,0.3168
Missense,0.3187
Missense,0.3261
Missense,0.327
Missense,0.3317
Missense,0.3341
Missense,0.3409
Missense,0.3414
Missense,0.3468
Missense,0.3503
Missense,0.3516
Missense,0.353
Missense,0.3569
Missense,0.3586
Missense,0.365
Missense,0.3672
Missense,0.375
Missense,0.3813
Missense,0.3859
Missense,0.3902
Missense,0.3904
Missense,0.3917
Missense,0.3923
Missense,0.3955
Missense,0.3976
Missense,0.3987
Missense,0.4011
Missense,0.4018
Missense,0.4027
Missense,0.4094
Missense,0.4097
Missense,0.4118
Missense,0.4141
Missense,0.4164
Missense,0.4185
Missense,0.4206
Missense,0.4222
Missense,0.4285
Missense,0.431
Missense,0.43120000000000003
Missense,0.4334
Missense,0.4357
Missense,0.4384
Missense,0.44
Missense,0.4421
Missense,0.4496
Missense,0.4517
Missense,0.4542
Missense,0.4604
Missense,0.466
Missense,0.4688
Missense,0.4733
Missense,0.4756
Missense,0.4757
Missense,0.4771
Missense,0.4773
Missense,0.4811
Missense,0.4843
Missense,0.4855
Missense,0.4893
Missense,0.4905
Missense,0.4916
Missense,0.4928
Missense,0.49370000000000003
Missense,0.4965
Missense,0.4982
Missense,0.501
Missense,0.5049
Missense,0.5052
Missense,0.506
Missense,0.5101
Missense,0.5134
Missense,0.5149
Missense,0.5158
Missense,0.5175
Missense,0.519
Missense,0.5199
Missense,0.5224
Missense,0.5235
Missense,0.524
Missense,0.5281
Missense,0.5301
Missense,0.5305
Missense,0.5307
Missense,0.5317
Missense,0.5372
Missense,0.539
Missense,0.5396
Missense,0.5398
Missense,0.5401
Missense,0.5419
Missense,0.5482
Missense,0.5488
Missense,0.5543
Missense,0.5546
Missense,0.5562
Missense,0.5569
Missense,0.5617
Missense,0.5651
Missense,0.5668
Missense,0.5727
Missense,0.5727
Missense,0.5729
Missense,0.5783
Missense,0.5803
Missense,0.5898
Missense,0.5985
Missense,0.6004
Missense,0.6043
Missense,0.6112
Missense,0.6136
Missense,0.6147
Missense,0.615
Missense,0.6169
Missense,0.6284
Missense,0.6355
Missense,0.6426
Missense,0.645
Missense,0.6501
Missense,0.652
Missense,0.6564
Missense,0.6574
Missense,0.6581
Missense,0.6647
Missense,0.6715
Missense,0.6726
Missense,0.6741
Missense,0.6974
Missense,0.6982
Missense,0.6985
Missense,0.7016
Missense,0.709
Missense,0.7201
Missense,0.729
Missense,0.7356
Missense,0.7403
Missense,0.7568
Missense,0.7768
Missense,0.778
Missense,0.7831
Missense,0.7979
Missense,0.8162
Missense,0.8324
Missense,0.8504
Missense,0.8525
Missense,0.8528
Missense,0.8866
Missense,0.9346
Missense,1.0126
Missense,1.0332
Missense,1.0453
Missense,1.0462
Missense,1.059
Missense,1.0601
Missense,1.113
Missense,1.1358
Missense,1.1414
Missense,1.1511
Missense,1.2077
Missense,1.2481
Missense,1.3381
Missense,0.1886
Missense,0.1988
Missense,0.2144
Missense,0.2211
Missense,0.2533
Missense,0.274
Missense,0.2805
Missense,0.2965
Missense,0.3041
Missense,0.3117
Missense,0.3239
Missense,0.3296
Missense,0.3325
Missense,0.3344
Missense,0.3369
Missense,0.3492
Missense,0.3502
Missense,0.3617
Missense,0.365
Missense,0.3652
Missense,0.3777
Missense,0.3863
Missense,0.3959
Missense,0.4127
Missense,0.4152
Missense,0.4382
Missense,0.4387
Missense,0.4413
Missense,0.4441
Missense,0.4527
Missense,0.4568
Missense,0.4658
Missense,0.4833
Missense,0.5195
Missense,0.5211
Missense,0.5369
Missense,0.552
Missense,0.5704
Missense,0.5705
Missense,0.5955
Missense,0.6223
Missense,0.63
Missense,0.6316
Missense,0.6561
Missense,0.6712
Missense,0.6867
Missense,0.69
Missense,0.7358
Missense,0.7873
Missense,0.7898
Missense,0.8278
Missense,0.8379
Missense,0.8526
Missense,0.8526
Missense,0.896
Missense,1.0981
Missense,1.1098
Missense,1.1123
Missense,0.0398
Missense,0.0476
Missense,0.1355
Missense,0.2303
Missense,0.2937
Missense,0.3627
Missense,0.3755
Missense,0.4132
Missense,0.4691
Missense,0.4745
Missense,0.5157
Missense,0.6331
Missense,0.6665
Missense,0.6697
Missense,0.6755
Missense,0.7702
Missense,0.8346
Missense,0.8657
Missense,0.8786
Missense,1.4656
Missense,0.3007
Missense,0.323
Missense,0.3577
Missense,0.3721
Missense,0.3814
Missense,0.3818
Missense,0.3945
Missense,0.4096
Missense,0.4158
Missense,0.4284
Missense,0.5048
Missense,0.5715
Missense,0.5769
Missense,0.632
Missense,0.1915
Missense,0.2465
Missense,0.2899
Missense,0.306
Missense,0.3218
Missense,0.3291
Missense,0.3318
Missense,0.3471
Missense,0.3629
Missense,0.3685
Missense,0.4012
Missense,0.4045
Missense,0.4167
Missense,0.42
Missense,0.4324
Missense,0.4326
Missense,0.4574
Missense,0.4603
Missense,0.475
Missense,0.4769
Missense,0.494
Missense,0.5276
Missense,0.5601
Missense,0.5693
Missense,0.59
Missense,0.6135
Missense,0.6243
Missense,0.6421
Missense,0.6595
Missense,0.7165
Missense,0.7906
Missense,0.792
Missense,0.8121
Missense,0.8317
Missense,0.8331
Missense,0.884
Missense,0.9656
Missense,1.2396
Missense,0.2702
Missense,0.3268
Missense,0.3435
Missense,0.3783
Missense,0.385
Missense,0.3881
Missense,0.394
Missense,0.3963
Missense,0.4358
Missense,0.4384
Missense,0.448
Missense,0.4528
Missense,0.4562
Missense,0.4671
Missense,0.4887
Missense,0.4951
Missense,0.499
Missense,0.5059
Missense,0.5066
Missense,0.5197
Missense,0.5569
Missense,0.6009
Missense,0.6109
Missense,0.6298
Missense,0.635
Missense,0.6392
Missense,0.6453
Missense,0.6464
Missense,0.647
Missense,0.6572
Missense,0.6792
Missense,0.6834
Missense,0.6988
Missense,0.7086
Missense,0.7465
Missense,0.7595
Missense,0.7621
Missense,0.7658
Missense,0.7685
Missense,0.7707
Missense,0.7799
Missense,0.8425
Missense,0.8487
Missense,0.8628
Missense,0.8883
Missense,0.8904
Missense,0.9125
Missense,0.9146
Missense,0.9201
Missense,0.9272
Missense,0.9368
Missense,0.9418
Missense,0.9934
Missense,1.0182
Missense,1.0553
Missense,1.1048
Missense,1.116
Missense,1.262
Missense,1.2864
Missense,0.0457
Missense,0.0681
Missense,0.0682
Missense,0.0688
Missense,0.0763
Missense,0.0764
Missense,0.0813
Missense,0.0835
Missense,0.0842
Missense,0.0843
Missense,0.0858
Missense,0.0896
Missense,0.091
Missense,0.0934
Missense,0.094
Missense,0.1006
Missense,0.1007
Missense,0.1017
Missense,0.1034
Missense,0.1046
Missense,0.1058
Missense,0.1058
Missense,0.1065
Missense,0.1085
Missense,0.1105
Missense,0.1106
Missense,0.1108
Missense,0.1116
Missense,0.1156
Missense,0.1175
Missense,0.121
Missense,0.1253
Missense,0.1264
Missense,0.1288
Missense,0.1312
Missense,0.133
Missense,0.1336
Missense,0.1338
Missense,0.136
Missense,0.1374
Missense,0.1382
Missense,0.1385
Missense,0.1386
Missense,0.1391
Missense,0.1394
Missense,0.1442
Missense,0.145
Missense,0.1468
Missense,0.1473
Missense,0.1475
Missense,0.1532
Missense,0.1542
Missense,0.1558
Missense,0.1564
Missense,0.1569
Missense,0.1583
Missense,0.1614
Missense,0.1618
Missense,0.1621
Missense,0.1625
Missense,0.1625
Missense,0.1662
Missense,0.1704
Missense,0.172
Missense,0.1723
Missense,0.1755
Missense,0.1761
Missense,0.1826
Missense,0.1826
Missense,0.183
Missense,0.1851
Missense,0.1853
Missense,0.1855
Missense,0.1862
Missense,0.1874
Missense,0.1911
Missense,0.1913
Missense,0.1917
Missense,0.1919
Missense,0.1927
Missense,0.1929
Missense,0.1937
Missense,0.1961
Missense,0.1975
Missense,0.2004
Missense,0.201
Missense,0.202
Missense,0.2021
Missense,0.2049
Missense,0.2058
Missense,0.2061
Missense,0.2078
Missense,0.2096
Missense,0.2103
Missense,0.2104
Missense,0.2111
Missense,0.2119
Missense,0.2128
Missense,0.2163
Missense,0.2171
Missense,0.2198
Missense,0.2217
Missense,0.2219
Missense,0.2224
Missense,0.2227
Missense,0.223
Missense,0.2236
Missense,0.2253
Missense,0.2255
Missense,0.2257
Missense,0.2283
Missense,0.2292
Missense,0.2375
Missense,0.2378
Missense,0.2392
Missense,0.2399
Missense,0.2409
Missense,0.2412
Missense,0.2426
Missense,0.244
Missense,0.2446
Missense,0.2458
Missense,0.2459
Missense,0.2489
Missense,0.2515
Missense,0.2586
Missense,0.259
Missense,0.2598
Missense,0.2599
Missense,0.2614
Missense,0.2614
Missense,0.2614
Missense,0.2628
Missense,0.2629
Missense,0.2632
Missense,0.2635
Missense,0.265
Missense,0.2666
Missense,0.2667
Missense,0.2684
Missense,0.2685
Missense,0.2687
Missense,0.2691
Missense,0.2711
Missense,0.2722
Missense,0.277
Missense,0.2777
Missense,0.2788
Missense,0.2793
Missense,0.2805
Missense,0.2805
Missense,0.2808
Missense,0.2811
Missense,0.2814
Missense,0.2848
Missense,0.2853
Missense,0.2869
Missense,0.2879
Missense,0.29
Missense,0.2929
Missense,0.2955
Missense,0.2965
Missense,0.3003
Missense,0.3003
Missense,0.3019
Missense,0.303
Missense,0.3033
Missense,0.3042
Missense,0.3051
Missense,0.3099
Missense,0.3107
Missense,0.3127
Missense,0.314
Missense,0.3143
Missense,0.3172
Missense,0.3178
Missense,0.3182
Missense,0.3187
Missense,0.319
Missense,0.3194
Missense,0.3198
Missense,0.3201
Missense,0.3202
Missense,0.3213
Missense,0.3214
Missense,0.3237
Missense,0.3268
Missense,0.3274
Missense,0.3278
Missense,0.3284
Missense,0.3286
Missense,0.3307
Missense,0.331
Missense,0.3316
Missense,0.3345
Missense,0.3351
Missense,0.3358
Missense,0.3386
Missense,0.3412
Missense,0.3416
Missense,0.3435
Missense,0.3458
Missense,0.3466
Missense,0.3468
Missense,0.3493
Missense,0.3525
Missense,0.3559
Missense,0.357
Missense,0.3584
Missense,0.3596
Missense,0.3602
Missense,0.3603
Missense,0.3606
Missense,0.361
Missense,0.3612
Missense,0.3625
Missense,0.3631
Missense,0.3645
Missense,0.3653
Missense,0.369
Missense,0.3705
Missense,0.378
Missense,0.3785
Missense,0.383
Missense,0.3832
Missense,0.3849
Missense,0.3856
Missense,0.3901
Missense,0.3915
Missense,0.3915
Missense,0.3935
Missense,0.3997
Missense,0.4018
Missense,0.4028
Missense,0.4034
Missense,0.4042
Missense,0.4049
Missense,0.4066
Missense,0.4067
Missense,0.4073
Missense,0.4078
Missense,0.4108
Missense,0.411
Missense,0.4176
Missense,0.4191
Missense,0.4207
Missense,0.4212
Missense,0.4228
Missense,0.4244
Missense,0.4249
Missense,0.4266
Missense,0.4277
Missense,0.4313
Missense,0.4322
Missense,0.4323
Missense,0.4359
Missense,0.4375
Missense,0.4414
Missense,0.4419
Missense,0.4428
Missense,0.4436
Missense,0.4462
Missense,0.451
Missense,0.4521
Missense,0.4561
Missense,0.4568
Missense,0.4582
Missense,0.4592
Missense,0.4595
Missense,0.4609
Missense,0.4656
Missense,0.4687
Missense,0.4691
Missense,0.4693
Missense,0.4705
Missense,0.4705
Missense,0.4742
Missense,0.4761
Missense,0.4775
Missense,0.4807
Missense,0.4811
Missense,0.4816
Missense,0.4843
Missense,0.4843
Missense,0.4847
Missense,0.4915
Missense,0.4941
Missense,0.4957
Missense,0.4962
Missense,0.4983
Missense,0.4996
Missense,0.5011
Missense,0.5024
Missense,0.5063
Missense,0.507
Missense,0.509
Missense,0.5091
Missense,0.5136
Missense,0.5168
Missense,0.5182
Missense,0.5186
Missense,0.5193
Missense,0.5193
Missense,0.5204
Missense,0.5206
Missense,0.5211
Missense,0.5212
Missense,0.5218
Missense,0.5244
Missense,0.5256
Missense,0.5278
Missense,0.5282
Missense,0.5326
Missense,0.5331
Missense,0.5331
Missense,0.5345
Missense,0.5373
Missense,0.5376
Missense,0.5382
Missense,0.5397
Missense,0.5417
Missense,0.5432
Missense,0.5447
Missense,0.5498
Missense,0.5504
Missense,0.5513
Missense,0.5525
Missense,0.5533
Missense,0.5561
Missense,0.5582
Missense,0.5598
Missense,0.5621
Missense,0.5627
Missense,0.5673
Missense,0.574
Missense,0.5756
Missense,0.5757
Missense,0.5771
Missense,0.5788
Missense,0.5789
Missense,0.5793
Missense,0.5836
Missense,0.5851
Missense,0.588
Missense,0.5911
Missense,0.5946
Missense,0.6008
Missense,0.6023
Missense,0.6029
Missense,0.6032
Missense,0.6127
Missense,0.6164
Missense,0.6193
Missense,0.6231
Missense,0.6245
Missense,0.6255
Missense,0.6274
Missense,0.6296
Missense,0.6305
Missense,0.6328
Missense,0.6372
Missense,0.6379
Missense,0.6421
Missense,0.6464
Missense,0.6498
Missense,0.6516
Missense,0.6602
Missense,0.6683
Missense,0.6699
Missense,0.6777
Missense,0.6868
Missense,0.6875
Missense,0.6903
Missense,0.697
Missense,0.6992
Missense,0.701
Missense,0.7066
Missense,0.7112
Missense,0.7268
Missense,0.7312
Missense,0.7322
Missense,0.7386
Missense,0.7397
Missense,0.7469
Missense,0.7483
Missense,0.7496
Missense,0.7522
Missense,0.7549
Missense,0.76
Missense,0.7646
Missense,0.7695
Missense,0.7778
Missense,0.7862
Missense,0.7904
Missense,0.7919
Missense,0.7961
Missense,0.7983
Missense,0.8377
Missense,0.8446
Missense,0.8645
Missense,0.8823
Missense,0.8861
Missense,0.8923
Missense,0.8958
Missense,0.8991
Missense,0.9297
Missense,0.9346
Missense,0.9409
Missense,0.9462
Missense,0.9491
Missense,0.9637
Missense,0.9854
Missense,0.9927
Missense,0.9983
Missense,1.0038
Missense,1.0291
Missense,1.0448
Missense,1.0518
Missense,1.0694
Missense,1.0739
Missense,1.0771
Missense,1.0861
Missense,1.0899
Missense,1.1016
Missense,1.1016
Missense,1.1332
Missense,1.1405
Missense,1.2021
Missense,0.0972
Missense,0.1171
Missense,0.1229
Missense,0.1292
Missense,0.1526
Missense,0.1584
Missense,0.1784
Missense,0.1813
Missense,0.1888
Missense,0.1895
Missense,0.1986
Missense,0.2054
Missense,0.2075
Missense,0.209
Missense,0.2127
Missense,0.2141
Missense,0.216
Missense,0.2297
Missense,0.2326
Missense,0.2327
Missense,0.2507
Missense,0.2545
Missense,0.267
Missense,0.2743
Missense,0.2746
Missense,0.2773
Missense,0.2793
Missense,0.2804
Missense,0.2807
Missense,0.2939
Missense,0.3034
Missense,0.3216
Missense,0.324
Missense,0.33
Missense,0.3371
Missense,0.3415
Missense,0.3786
Missense,0.3796
Missense,0.3961
Missense,0.3999
Missense,0.4004
Missense,0.4221
Missense,0.4397
Missense,0.4405
Missense,0.4536
Missense,0.47
Missense,0.4718
Missense,0.4772
Missense,0.4835
Missense,0.4845
Missense,0.4846
Missense,0.4924
Missense,0.5154
Missense,0.5513
Missense,0.5602
Missense,0.5654
Missense,0.5711
Missense,0.572
Missense,0.5834
Missense,0.5905
Missense,0.5963
Missense,0.6258
Missense,0.6305
Missense,0.6376
Missense,0.6389
Missense,0.6829
Missense,0.7208
Missense,0.7425
Missense,0.7579
Missense,0.7758
Missense,0.7764
Missense,0.873
Missense,0.97
Missense,0.9871
Missense,1.0036
Missense,1.1074
Missense,1.1176
Missense,1.1251
Missense,0.0667
Missense,0.0692
Missense,0.0726
Missense,0.0792
Missense,0.1069
Missense,0.111
Missense,0.1119
Missense,0.1146
Missense,0.1805
Missense,0.1831
Missense,0.1889
Missense,0.1978
Missense,0.202
Missense,0.2047
Missense,0.206
Missense,0.3243
Missense,0.3637
Missense,0.3925
Missense,0.524
Missense,0.5661
Missense,0.6428
Missense,0.665
Missense,0.6688
Missense,0.7528
Missense,0.7564
Missense,0.0993
Missense,0.1635
Missense,0.1693
Missense,0.2329
Missense,0.249
Missense,0.256
Missense,0.2592
Missense,0.3103
Missense,0.3562
Missense,0.363
Missense,0.4405
Missense,0.4475
Missense,0.4487
Missense,0.4556
Missense,0.4556
Missense,0.4763
Missense,0.4908
Missense,0.4929
Missense,0.5335
Missense,0.5376
Missense,0.5537
Missense,0.593
Missense,0.6003
Missense,0.669
Missense,0.6911
Missense,0.6943
Missense,0.9352
Missense,0.9697
Missense,1.4842
Missense,1.5069
Missense,1.5534
Missense,0.291
Missense,0.3298
Missense,0.3455
Missense,0.3919
Missense,0.4137
Missense,0.4226
Missense,0.4915
Missense,0.242
Missense,0.321
Missense,0.321
Missense,0.3324
Missense,0.338
Missense,0.351
Missense,0.3581
Missense,0.3613
Missense,0.3799
Missense,0.3829
Missense,0.3831
Missense,0.3856
Missense,0.3876
Missense,0.3968
Missense,0.3974
Missense,0.398
Missense,0.4022
Missense,0.4102
Missense,0.424
Missense,0.4461
Missense,0.4529
Missense,0.4592
Missense,0.4698
Missense,0.4758
Missense,0.4786
Missense,0.4825
Missense,0.4925
Missense,0.4988
Missense,0.5114
Missense,0.5182
Missense,0.5515
Missense,0.5518
Missense,0.554
Missense,0.5583
Missense,0.5754
Missense,0.5801
Missense,0.5804
Missense,0.5839
Missense,0.5877
Missense,0.5896
Missense,0.5938
Missense,0.6041
Missense,0.626
Missense,0.6564
Missense,0.666
Missense,0.6707
Missense,0.6981
Missense,0.7719
Missense,0.7757
Missense,0.8123
Missense,0.8237
Missense,0.8299
Missense,0.8321
Missense,0.8387
Missense,0.8548
Missense,0.9206
Missense,0.9424
Missense,0.945
Missense,0.9601
Missense,1.0133
Missense,1.0159
Missense,1.042
Missense,1.0705
Missense,1.1088
Missense,1.1503
Missense,1.1578
Missense,1.189
Missense,1.2449
Missense,1.2817
Missense,1.2925
Missense,0.3375
Missense,0.4516
Missense,0.2878
Missense,0.3033
Missense,0.3242
Missense,0.356
Missense,0.3753
Missense,0.4403
Missense,0.4972
Missense,0.547
Missense,0.6041
Missense,0.8659
Missense,0.17
Missense,0.2421
Missense,0.268
Missense,0.2827
Missense,0.2873
Missense,0.2883
Missense,0.3276
Missense,0.3387
Missense,0.344
Missense,0.3529
Missense,0.3684
Missense,0.3749
Missense,0.3829
Missense,0.4319
Missense,0.4541
Missense,0.4754
Missense,0.5013
Missense,0.5058
Missense,0.53
Missense,0.5461
Missense,0.5551
Missense,0.5574
Missense,0.5938
Missense,0.6256
Missense,0.6481
Missense,0.6869
Missense,0.6924
Missense,0.7038
Missense,0.7084
Missense,0.7273
Missense,0.7366
Missense,0.8102
Missense,0.8207
Missense,0.8268
Missense,0.8628
Missense,0.8901
Missense,0.9296
Missense,1.1507
Missense,0.2424
Missense,0.2715
Missense,0.2735
Missense,0.2844
Missense,0.2892
Missense,0.3005
Missense,0.3125
Missense,0.3271
Missense,0.3434
Missense,0.3444
Missense,0.3611
Missense,0.3653
Missense,0.3683
Missense,0.3737
Missense,0.374
Missense,0.3926
Missense,0.3976
Missense,0.3988
Missense,0.4302
Missense,0.4769
Missense,0.4779
Missense,0.4788
Missense,0.5025
Missense,0.5107
Missense,0.5184
Missense,0.5243
Missense,0.5379
Missense,0.5445
Missense,0.5502
Missense,0.5507
Missense,0.5714
Missense,0.5918
Missense,0.606
Missense,0.6177
Missense,0.6666
Missense,0.67490000000000006
Missense,0.6892
Missense,0.7088
Missense,0.7088
Missense,0.7316
Missense,0.7342
Missense,0.7376
Missense,0.7836
Missense,0.7887
Missense,0.7931
Missense,0.8012
Missense,0.8257
Missense,0.8733
Missense,0.8737
Missense,0.9319
Missense,0.9455
Missense,0.9603
Missense,0.9661
Missense,0.9749
Missense,0.983
Missense,0.9831
Missense,0.99
Missense,1.0167
Missense,1.0278
Missense,1.0306
Missense,1.0406
Missense,1.0508
Missense,1.073
Missense,1.076
Missense,1.0796
Missense,1.0916
Missense,1.093
Missense,1.133
Missense,1.1516
Missense,1.1876
Missense,1.2653
Missense,NA
Missense,0.1424
Missense,0.15310000000000001
Missense,0.1703
Missense,0.191
Missense,0.2062
Missense,0.2186
Missense,0.236
Missense,0.2368
Missense,0.2795
Missense,0.2933
Missense,0.3188
Missense,0.3278
Missense,0.3278
Missense,0.3328
Missense,0.36870000000000003
Missense,0.3925
Missense,0.4545
Missense,0.4595
Missense,0.5385
Missense,0.5457
Missense,0.5508
Missense,0.8501
Missense,0.9093
Missense,1.037
Missense,0.1116
Missense,0.2136
Missense,0.2139
Missense,0.2762
Missense,0.2778
Missense,0.429
Missense,0.4394
Missense,0.5062
Missense,0.5327
Missense,0.7548
Missense,0.8239
Missense,1.2212
Missense,0.1829
Missense,0.2458
Missense,0.3856
Missense,0.5792
Missense,0.8147
Missense,0.9654
Missense,0.9831
Missense,0.0314
Missense,0.0859
Missense,0.148
Missense,0.1609
Missense,0.2255
Missense,0.2293
Missense,0.231
Missense,0.2604
Missense,0.2639
Missense,0.2704
Missense,0.2764
Missense,0.2964
Missense,0.2974
Missense,0.3003
Missense,0.3161
Missense,0.3196
Missense,0.3413
Missense,0.3537
Missense,0.3681
Missense,0.4447
Missense,0.4547
Missense,0.503
Missense,0.5079
Missense,0.5229
Missense,0.5999
Missense,0.6093
Missense,0.6576
Missense,0.7478
Missense,1.0208
Missense,1.0425
Missense,0.1998
Missense,0.2436
Missense,0.3308
Missense,0.3987
Missense,0.4231
Missense,0.4339
Missense,0.4446
Missense,0.5442
Missense,0.5635
Missense,0.5684
Missense,0.6443
Missense,0.6515
Missense,0.697
Missense,0.7519
Missense,0.8084
Missense,0.8217
Missense,1.2718
Missense,0.171
Missense,0.2501
Missense,0.2663
Missense,0.2805
Missense,0.34
Missense,0.3464
Missense,0.3495
Missense,0.3748
Missense,0.3774
Missense,0.383
Missense,0.3844
Missense,0.392
Missense,0.3925
Missense,0.3927
Missense,0.3968
Missense,0.3997
Missense,0.4115
Missense,0.4144
Missense,0.4172
Missense,0.4419
Missense,0.4487
Missense,0.4504
Missense,0.4564
Missense,0.4586
Missense,0.4739
Missense,0.4745
Missense,0.4769
Missense,0.4789
Missense,0.4992
Missense,0.5006
Missense,0.501
Missense,0.502
Missense,0.5066
Missense,0.5076
Missense,0.5103
Missense,0.5128
Missense,0.5179
Missense,0.519
Missense,0.5262
Missense,0.5288
Missense,0.5363
Missense,0.5372
Missense,0.5405
Missense,0.5442
Missense,0.5491
Missense,0.552
Missense,0.5525
Missense,0.5552
Missense,0.5617
Missense,0.5676
Missense,0.5742
Missense,0.5848
Missense,0.5948
Missense,0.6045
Missense,0.6093
Missense,0.6349
Missense,0.6397
Missense,0.6433
Missense,0.6438
Missense,0.6807
Missense,0.8954
Missense,0.9102
Missense,0.9281
Missense,0.9795
Missense,1.0092
Missense,1.0135
Missense,1.0145
Missense,1.0315
Missense,1.1621
Missense,0.0316
Missense,0.0419
Missense,0.0521
Missense,0.0535
Missense,0.0585
Missense,0.0592
Missense,0.0727
Missense,0.0749
Missense,0.0883
Missense,0.0908
Missense,0.0932
Missense,0.0948
Missense,0.0988
Missense,0.1069
Missense,0.1145
Missense,0.1172
Missense,0.1177
Missense,0.1339
Missense,0.1347
Missense,0.137
Missense,0.1555
Missense,0.1568
Missense,0.1572
Missense,0.1737
Missense,0.1771
Missense,0.1771
Missense,0.1791
Missense,0.1828
Missense,0.1859
Missense,0.1893
Missense,0.2027
Missense,0.21
Missense,0.2148
Missense,0.2399
Missense,0.2416
Missense,0.2583
Missense,0.2711
Missense,0.2742
Missense,0.2805
Missense,0.2865
Missense,0.2911
Missense,0.2918
Missense,0.2924
Missense,0.2928
Missense,0.307
Missense,0.3175
Missense,0.3259
Missense,0.3289
Missense,0.3461
Missense,0.3745
Missense,0.3747
Missense,0.4121
Missense,0.4187
Missense,0.4268
Missense,0.4318
Missense,0.4601
Missense,0.4949
Missense,0.5184
Missense,0.5551
Missense,0.5591
Missense,0.563
Missense,0.5693
Missense,0.6441
Missense,0.6477
Missense,0.6558
Missense,0.6643
Missense,0.67
Missense,0.6789
Missense,0.6864
Missense,0.6879
Missense,0.7274
Missense,0.7388
Missense,0.7762
Missense,0.8705
Missense,0.882
Missense,0.9387
Missense,0.9492
Missense,0.9668
Missense,0.9718
Missense,0.992
Missense,1.0042
Missense,1.0098
Missense,1.0955
Missense,0.2508
Missense,0.3121
Missense,0.3701
Missense,0.3867
Missense,0.4385
Missense,0.4518
Missense,0.5018
Missense,0.5153
Missense,0.5227
Missense,0.5559
Missense,0.5763
Missense,0.5998
Missense,0.6049
Missense,0.6472
Missense,0.6631
Missense,0.2608
Missense,0.2723
Missense,0.3096
Missense,0.3143
Missense,0.3161
Missense,0.342
Missense,0.3564
Missense,0.3597
Missense,0.3839
Missense,0.3902
Missense,0.4273
Missense,0.4542
Missense,0.457
Missense,0.4626
Missense,0.4889
Missense,0.5036
Missense,0.5044
Missense,0.507
Missense,0.5241
Missense,0.5578
Missense,0.5661
Missense,0.5802
Missense,0.5836
Missense,0.5874
Missense,0.5896
Missense,0.6173
Missense,0.6308
Missense,0.6311
Missense,0.6344
Missense,0.6495
Missense,0.6577
Missense,0.6666
Missense,0.6792
Missense,0.7375
Missense,0.7802
Missense,0.8189
Missense,0.86
Missense,0.9279
Missense,0.939
Missense,0.9511
Missense,0.9554
Missense,0.9933
Missense,1.0112
Missense,1.0234
Missense,1.0834
Missense,1.1373
Missense,1.1686
Missense,1.4484
Missense,NA
Missense,0.1304
Missense,0.1523
Missense,0.1732
Missense,0.1901
Missense,0.1903
Missense,0.2032
Missense,0.2105
Missense,0.2151
Missense,0.2418
Missense,0.2588
Missense,0.2749
Missense,0.2899
Missense,0.3129
Missense,0.3132
Missense,0.3166
Missense,0.4394
Missense,0.5166
Missense,0.7773
Missense,0.1011
Missense,0.1037
Missense,0.1089
Missense,0.146
Missense,0.1484
Missense,0.149
Missense,0.1649
Missense,0.2077
Missense,0.2133
Missense,0.2437
Missense,0.2607
Missense,0.2998
Missense,0.3257
Missense,0.375
Missense,0.4228
Missense,0.4875
Missense,0.4994
Missense,0.5014
Missense,0.5196
Missense,0.52
Missense,0.5545
Missense,0.5547
Missense,0.6088
Missense,0.6447
Missense,0.6562
Missense,0.6669
Missense,0.6835
Missense,0.6923
Missense,0.7052
Missense,0.753
Missense,0.7668
Missense,0.7705
Missense,0.7879
Missense,0.8706
Missense,1.0264
Missense,1.0333
Missense,0.3692
Missense,1.4287
Missense,0.4562
Missense,0.6789
Missense,1.2574
Missense,2.8718
Missense,0.3269
Missense,0.5511
Missense,0.5866
Missense,0.1978
Missense,0.3184
Missense,0.3545
Missense,0.3625
Missense,0.3985
Missense,0.4456
Missense,0.6169
Missense,0.7732
Missense,0.9015
Missense,0.3336
Missense,0.3629
Missense,0.4004
Missense,0.4419
Missense,0.4554
Missense,0.4801
Missense,0.5914
Missense,0.6886
Missense,0.798
Missense,0.8967
Missense,0.2703
Missense,0.2895
Missense,0.4042
Missense,0.4411
Missense,0.5112
Missense,0.5314
Missense,0.5333
Missense,0.6251
Missense,0.6816
Missense,0.9364
Missense,1.0248
Missense,1.2741
Missense,NA
Missense,0.3567
Missense,0.4042
Missense,0.4481
Missense,0.4752
Missense,0.5064
Missense,0.5266
Missense,0.5849
Missense,1.0184
Missense,1.3706
Missense,1.5713
"Hidden
NOP",0.3528333333333333
"Gene
Fusion",0.3571666666666666
"Hidden
NOP",0.1139999999999999
"Hidden
NOP",0.2405
"Hidden
NOP",0.1475
"Hidden
NOP",0.1475
"Hidden
NOP",0.1139999999999999
"Gene
Fusion",0.3571666666666666
"Gene
Fusion",0.0875
"Hidden
NOP",0.2405
"Hidden
NOP",0.2405
"Hidden
NOP",0.461
"Gene
Fusion",0.3375
"Hidden
NOP",0.103
"Gene
Fusion",0.0885
"Gene
Fusion",0.2038333333333333
"Hidden
NOP",0.3365
"Hidden
NOP",0.5465
"Hidden
NOP",0.2684999999999999
"Gene
Fusion",0.22
"Hidden
NOP",0.4265
"Gene
Fusion",0.1295
"Hidden
NOP",0.1513333333333333
"Gene
Fusion",0.23475
"Hidden
NOP",0.1298333333333333
"Gene
Fusion",0.1845
"Hidden
NOP",0.2455
"Hidden
NOP",0.2339999999999999
"Hidden
NOP",0.1513333333333333
"Hidden
NOP",0.1513333333333333
"Gene
Fusion",0.3135
"Hidden
NOP",0.2035
"Hidden
NOP",0.20225
"Hidden
NOP",0.3339999999999999
"Gene
Fusion",0.1312
"Gene
Fusion",0.120375
"Hidden
NOP",0.2685
"Hidden
NOP",0.103
"Hidden
NOP",0.147
"Hidden
NOP",0.2045
"Gene
Fusion",0.2975
"Gene
Fusion",0.225
"Gene
Fusion",0.254
"Hidden
NOP",0.102
"Hidden
NOP",0.2515
"Hidden
NOP",0.138
"Gene
Fusion",0.0735
"Hidden
NOP",0.1513333333333333
"Hidden
NOP",0.3425
"Hidden
NOP",0.263
"Gene
Fusion",0.1669999999999999
"Gene
Fusion",0.3535
"Hidden
NOP",0.3199999999999999
"Hidden
NOP",0.11
"Hidden
NOP",0.1675
"Gene
Fusion",0.1669999999999999
"Gene
Fusion",0.192
"Gene
Fusion",0.1535
"Gene
Fusion",0.225
"Hidden
NOP",0.3175
"Gene
Fusion",0.254
"Hidden
NOP",0.2585
"Hidden
NOP",0.1475
"Hidden
NOP",0.5525
"Gene
Fusion",0.550625
"Gene
Fusion",0.53825
"Gene
Fusion",0.1526666666666667
"Hidden
NOP",0.2515
"Hidden
NOP",0.3095
"Hidden
NOP",0.277
"Hidden
NOP",0.277
"Gene
Fusion",0.1939999999999999
"Hidden
NOP",0.352
"Hidden
NOP",0.499
"Gene
Fusion",0.196
"Gene
Fusion",0.196
"Gene
Fusion",0.196
"Hidden
NOP",0.431
"Hidden
NOP",0.4285
"Hidden
NOP",0.11
"Hidden
NOP",0.3425
"Hidden
NOP",0.3365
"Hidden
NOP",0.4705
"Gene
Fusion",0.1535
"Hidden
NOP",0.102
"Hidden
NOP",0.20225
"Hidden
NOP",0.3365
"Gene
Fusion",0.157
"Gene
Fusion",0.24375
"Gene
Fusion",0.2038333333333333
"Gene
Fusion",0.254
"Hidden
NOP",0.249
"Gene
Fusion",0.196
"Hidden
NOP",0.192
"Hidden
NOP",0.1895
"Gene
Fusion",0.081
"Gene
Fusion",0.3265
"Gene
Fusion",0.2071666666666667
"Gene
Fusion",0.216
"Gene
Fusion",0.254
"Hidden
NOP",0.228
"Gene
Fusion",0.0525
"Gene
Fusion",0.177
"Gene
Fusion",0.23475
"Hidden
NOP",0.16
"Gene
Fusion",0.103
"Gene
Fusion",0.1405
"Gene
Fusion",0.2935
"Gene
Fusion",0.23475
"Hidden
NOP",0.138
"Hidden
NOP",0.354
"Hidden
NOP",0.1915
"Gene
Fusion",0.1669999999999999
Indel,0.7948
"Gene
Fusion",0.19
"Gene
Fusion",0.156
"Gene
Fusion",0.4024999999999999
"Gene
Fusion",0.196
"Hidden
NOP",0.499
"Hidden
NOP",0.3265
"Gene
Fusion",0.3585
"Hidden
NOP",0.1465
"Gene
Fusion",0.19
"Gene
Fusion",0.30775
"Gene
Fusion",0.034
"Hidden
NOP",0.5525
"Gene
Fusion",0.2855
Indel,0.3305
"Gene
Fusion",0.2855
"Hidden
NOP",0.484
"Gene
Fusion",0.494
"Hidden
NOP",0.4489999999999999
"Hidden
NOP",0.186
"Gene
Fusion",0.492
"Hidden
NOP",0.3309999999999999
Indel,1.1751
"Hidden
NOP",0.3249999999999999
"Hidden
NOP",0.5685
"Hidden
NOP",0.3249999999999999
"Gene
Fusion",0.317
"Gene
Fusion",0.494
"Hidden
NOP",0.122
"Hidden
NOP",0.3762999999999999
"Gene
Fusion",0.3435
"Hidden
NOP",0.5685
"Hidden
NOP",0.9335
"Hidden
NOP",0.4925
"Hidden
NOP",0.9335
"Hidden
NOP",0.4925
"Hidden
NOP",0.4489999999999999
"Gene
Fusion",0.494
Indel,1.0245
"Gene
Fusion",0.3195
Indel,0.9326
"Hidden
NOP",0.3355
"Hidden
NOP",0.4515
"Gene
Fusion",0.3279999999999999
Indel,0.9326
"Hidden
NOP",0.4165
"Hidden
NOP",0.2595
"Hidden
NOP",0.3369999999999999
"Hidden
NOP",0.485
"Gene
Fusion",0.149
"Gene
Fusion",0.286
"Gene
Fusion",0.3279999999999999
"Hidden
NOP",0.4519999999999999
"Hidden
NOP",0.316
Indel,0.3381
Indel,0.3381
Indel,0.9326
"Gene
Fusion",0.412
"Gene
Fusion",0.206
"Gene
Fusion",0.4205
"Hidden
NOP",0.3495
"Hidden
NOP",0.4515
"Hidden
NOP",0.4515
"Gene
Fusion",0.4615
"Hidden
NOP",0.4565
Indel,1.1685
Indel,0.3381
Indel,0.9834
"Gene
Fusion",0.569
"Hidden
NOP",0.4165
"Hidden
NOP",0.633
"Hidden
NOP",0.3245
"Hidden
NOP",0.4515
"Hidden
NOP",0.247
"Gene
Fusion",0.31925
Indel,0.3381
"Gene
Fusion",0.6635
"Hidden
NOP",0.2265
"Gene
Fusion",0.329
"Hidden
NOP",0.26
"Hidden
NOP",0.1555
"Gene
Fusion",0.10635
"Hidden
NOP",0.3865
"Hidden
NOP",0.2255
"Hidden
NOP",0.26
"Hidden
NOP",0.383
"Hidden
NOP",0.3245
"Hidden
NOP",0.4285
"Hidden
NOP",0.2225
"Hidden
NOP",0.2694999999999999
"Gene
Fusion",0.27475
"Gene
Fusion",0.27475
"Gene
Fusion",0.27475
"Gene
Fusion",0.27475
"Gene
Fusion",0.27475
"Hidden
NOP",0.2239999999999999
"Hidden
NOP",0.5705
"Hidden
NOP",0.186
"Hidden
NOP",0.293
"Hidden
NOP",0.3245
"Gene
Fusion",0.7104999999999999
"Hidden
NOP",0.07325
"Hidden
NOP",0.201
"Gene
Fusion",0.22575
Indel,0.1664
"Hidden
NOP",0.308
"Hidden
NOP",0.308
"Hidden
NOP",0.308
"Hidden
NOP",0.308
"Hidden
NOP",0.188
Indel,0.1999
"Hidden
NOP",0.201
"Hidden
NOP",0.201
"Hidden
NOP",0.201
"Hidden
NOP",0.201
"Gene
Fusion",0.258
"Gene
Fusion",0.397
"Hidden
NOP",0.186
"Hidden
NOP",0.123
"Hidden
NOP",0.383
"Hidden
NOP",0.188
"Hidden
NOP",0.2009999999999999
"Gene
Fusion",0.0415
"Gene
Fusion",0.7104999999999999
"Hidden
NOP",0.188
"Hidden
NOP",0.418
"Gene
Fusion",0.7104999999999999
"Hidden
NOP",0.1465
"Hidden
NOP",0.2009999999999999
"Hidden
NOP",0.186
"Hidden
NOP",0.2694999999999999
"Gene
Fusion",0.7104999999999999
"Hidden
NOP",0.1465
"Hidden
NOP",0.1465
"Gene
Fusion",0.7104999999999999
"Hidden
NOP",0.3935
"Hidden
NOP",0.418
"Gene
Fusion",0.7104999999999999
"Gene
Fusion",0.243
"Hidden
NOP",0.123
"Gene
Fusion",0.243
"Hidden
NOP",0.1465
"Hidden
NOP",0.5705
"Hidden
NOP",0.123
"Hidden
NOP",0.2694999999999999
"Hidden
NOP",0.3245
"Gene
Fusion",0.22575
"Hidden
NOP",0.3245
"Gene
Fusion",0.22575
"Gene
Fusion",0.3855
"Hidden
NOP",0.65
"Hidden
NOP",0.2625
"Gene
Fusion",0.2734999999999999
"Hidden
NOP",0.3095
"Gene
Fusion",0.261
"Gene
Fusion",0.4275
"Hidden
NOP",0.4405
"Gene
Fusion",0.4095
"Gene
Fusion",0.5935
"Gene
Fusion",0.237
"Gene
Fusion",0.237
"Gene
Fusion",0.514
Indel,0.2472
"Hidden
NOP",0.223
"Hidden
NOP",0.3994999999999999
Indel,0.9808
"Gene
Fusion",0.3512499999999999
"Hidden
NOP",0.4385
"Hidden
NOP",0.6995
Indel,0.9808
"Hidden
NOP",0.3994999999999999
"Hidden
NOP",0.449
"Hidden
NOP",0.74
"Gene
Fusion",0.514
"Hidden
NOP",0.5845
"Hidden
NOP",0.5965
"Hidden
NOP",0.6995
Indel,0.4578
"Hidden
NOP",0.223
"Hidden
NOP",0.5845
"Hidden
NOP",0.5845
"Hidden
NOP",0.6995
"Hidden
NOP",0.548
"Hidden
NOP",0.0225
"Gene
Fusion",0.4095
"Gene
Fusion",0.375
"Gene
Fusion",0.375
Indel,0.4042
Indel,0.4042
Indel,0.305
Indel,0.2786
"Hidden
NOP",0.275
"Hidden
NOP",0.305
"Gene
Fusion",1.01225
"Hidden
NOP",0.491
"Gene
Fusion",0.2778333333333333
Indel,0.4508
Indel,0.4508
Indel,0.4508
"Hidden
NOP",0.2234999999999999
"Hidden
NOP",0.2234999999999999
"Hidden
NOP",0.0715
"Hidden
NOP",0.4679999999999999
"Gene
Fusion",0.2535
"Gene
Fusion",0.694
"Hidden
NOP",0.0595
"Hidden
NOP",0.512
"Gene
Fusion",0.423
"Gene
Fusion",0.0826666666666666
"Gene
Fusion",0.0826666666666666
Indel,0.8229
"Hidden
NOP",0.0805
"Hidden
NOP",0.0615
"Gene
Fusion",0.191
"Hidden
NOP",0.2778333333333333
"Gene
Fusion",0.963
"Gene
Fusion",0.694
"Gene
Fusion",0.3545
Indel,0.6227
Indel,0.6227
Indel,0.6227
"Gene
Fusion",0.359
"Hidden
NOP",0.3285333333333332
"Hidden
NOP",0.3815
"Hidden
NOP",0.288
"Gene
Fusion",0.303
"Hidden
NOP",0.288
"Gene
Fusion",0.4225
"Hidden
NOP",0.2188333333333333
"Gene
Fusion",0.4225
"Hidden
NOP",0.2204999999999999
"Hidden
NOP",0.2188333333333333
"Hidden
NOP",0.2204999999999999
"Hidden
NOP",0.2204999999999999
"Hidden
NOP",0.2204999999999999
"Hidden
NOP",0.2188333333333333
"Gene
Fusion",0.359
"Hidden
NOP",0.2465
"Gene
Fusion",0.4225
"Hidden
NOP",0.3298709677419355
"Gene
Fusion",0.9175
"Gene
Fusion",0.3475
"Gene
Fusion",0.9175
"Hidden
NOP",0.3815
"Hidden
NOP",0.3815
"Gene
Fusion",0.9175
"Gene
Fusion",0.4225
"Hidden
NOP",0.3222
"Hidden
NOP",0.2465
"Hidden
NOP",0.2822096774193548
"Hidden
NOP",0.2188333333333333
"Gene
Fusion",0.9175
"Hidden
NOP",0.2188333333333333
"Gene
Fusion",0.9175
"Hidden
NOP",0.3815
"Hidden
NOP",0.202
"Gene
Fusion",0.4235
"Gene
Fusion",0.0931153846153846
"Hidden
NOP",0.202
"Gene
Fusion",0.140875
"Hidden
NOP",0.6375
"Gene
Fusion",0.3715
"Gene
Fusion",0.312
"Gene
Fusion",0.4235
"Hidden
NOP",0.088
"Gene
Fusion",0.6699999999999999
"Hidden
NOP",0.202
"Hidden
NOP",0.258
"Gene
Fusion",0.1415624999999999
"Hidden
NOP",0.067
"Hidden
NOP",0.0555
"Gene
Fusion",0.352
"Hidden
NOP",0.477
"Gene
Fusion",0.4235
"Hidden
NOP",0.0538333333333333
"Gene
Fusion",0.049
"Hidden
NOP",0.0525
"Gene
Fusion",0.2355
"Gene
Fusion",0.352
"Gene
Fusion",0.352
"Gene
Fusion",0.352
"Gene
Fusion",0.352
"Gene
Fusion",0.352
"Gene
Fusion",0.352
"Gene
Fusion",0.352
"Gene
Fusion",0.352
"Gene
Fusion",0.352
"Gene
Fusion",0.352
"Gene
Fusion",0.352
"Gene
Fusion",0.4235
"Hidden
NOP",0.0857307692307692
"Gene
Fusion",0.311
"Hidden
NOP",0.0555
"Hidden
NOP",0.041
"Hidden
NOP",0.175
"Hidden
NOP",0.5309999999999999
"Gene
Fusion",0.4235
"Hidden
NOP",0.088
"Hidden
NOP",0.0555
"Hidden
NOP",0.258
"Hidden
NOP",0.0555
"Gene
Fusion",0.352
"Gene
Fusion",0.352
"Gene
Fusion",0.352
"Gene
Fusion",0.352
"Gene
Fusion",0.352
"Gene
Fusion",0.0931153846153846
"Gene
Fusion",0.4235
"Gene
Fusion",0.0931153846153846
"Gene
Fusion",0.0931153846153846
"Gene
Fusion",0.4235
"Gene
Fusion",0.0931153846153846
"Hidden
NOP",0.0964999999999999
"Hidden
NOP",0.0965
"Hidden
NOP",0.0964999999999999
"Hidden
NOP",0.44325
"Hidden
NOP",0.50375
"Gene
Fusion",0.4635
"Gene
Fusion",0.4635
"Gene
Fusion",0.3203333333333333
"Gene
Fusion",0.552
"Gene
Fusion",0.5605
"Gene
Fusion",0.4635
"Gene
Fusion",0.473
"Gene
Fusion",0.3435
"Gene
Fusion",0.3435
"Gene
Fusion",0.3203333333333333
"Hidden
NOP",0.281
"Gene
Fusion",0.5605
"Gene
Fusion",0.612
"Hidden
NOP",0.3309999999999999
Indel,1.0663
"Gene
Fusion",0.403
"Gene
Fusion",0.3203333333333333
"Hidden
NOP",0.50375
"Hidden
NOP",0.051
"Hidden
NOP",0.41325
"Gene
Fusion",0.4425
"Hidden
NOP",0.4925
"Hidden
NOP",0.319
"Gene
Fusion",0.319
"Hidden
NOP",0.319
"Hidden
NOP",0.3485
"Gene
Fusion",0.319
"Gene
Fusion",0.319
"Hidden
NOP",0.5609999999999999
"Hidden
NOP",0.3188333333333333
"Hidden
NOP",0.3188333333333333
"Hidden
NOP",0.3188333333333333
"Hidden
NOP",0.3188333333333333
"Hidden
NOP",0.3188333333333333
"Gene
Fusion",0.319
"Hidden
NOP",0.5395
"Hidden
NOP",0.3188333333333333
"Hidden
NOP",0.3971666666666666
"Gene
Fusion",0.319
"Hidden
NOP",0.3188333333333333
"Gene
Fusion",0.304
"Hidden
NOP",0.319
"Hidden
NOP",0.319
"Hidden
NOP",0.319
"Gene
Fusion",0.33475
"Hidden
NOP",0.3188333333333333
"Hidden
NOP",0.3485
"Hidden
NOP",0.3485
"Gene
Fusion",0.322
Indel,0.5081
Indel,0.5081
"Hidden
NOP",0.5395
"Gene
Fusion",0.322
"Hidden
NOP",0.319
"Hidden
NOP",0.37325
"Hidden
NOP",0.3188333333333333
"Hidden
NOP",0.319
"Hidden
NOP",0.319
"Hidden
NOP",0.319
"Gene
Fusion",0.322
"Hidden
NOP",0.319
"Hidden
NOP",0.41325
"Gene
Fusion",0.322
"Hidden
NOP",0.3188333333333333
"Hidden
NOP",0.3188333333333333
"Hidden
NOP",0.3055
"Hidden
NOP",0.3188333333333333
"Hidden
NOP",0.319
"Hidden
NOP",0.3188333333333333
Indel,0.5543
"Hidden
NOP",0.3188333333333333
"Gene
Fusion",0.319
"Hidden
NOP",0.319
"Gene
Fusion",0.319
"Hidden
NOP",0.6867500000000001
"Gene
Fusion",0.319
"Hidden
NOP",0.509
"Hidden
NOP",0.319
"Hidden
NOP",0.319
"Hidden
NOP",0.319
"Hidden
NOP",0.319
"Hidden
NOP",0.3971666666666666
"Hidden
NOP",0.5573571428571429
"Hidden
NOP",0.5568571428571428
"Hidden
NOP",0.5561428571428572
"Hidden
NOP",0.5531071428571428
"Gene
Fusion",0.319
"Hidden
NOP",0.109
"Hidden
NOP",0.3055
"Hidden
NOP",0.3485
"Hidden
NOP",0.4515
"Gene
Fusion",0.319
"Hidden
NOP",0.319
"Hidden
NOP",0.5609999999999999
"Hidden
NOP",0.3971666666666666
"Hidden
NOP",0.3485
"Gene
Fusion",0.4755
"Hidden
NOP",0.319
"Gene
Fusion",0.4855
"Hidden
NOP",0.3188333333333333
"Hidden
NOP",0.2085
"Gene
Fusion",0.603
Splice,0.3795
"Hidden
NOP",0.2085
"Gene
Fusion",0.412
Indel,0.3923
"Hidden
NOP",0.3295
"Gene
Fusion",0.184
"Hidden
NOP",0.3295
"Gene
Fusion",0.2274999999999999
Indel,1.1236
"Hidden
NOP",0.587
"Hidden
NOP",0.3295
Indel,0.2583
"Gene
Fusion",0.184
"Hidden
NOP",0.3295
"Hidden
NOP",0.587
"Hidden
NOP",0.3295
"Hidden
NOP",0.3295
"Hidden
NOP",0.3295
Indel,0.3099
"Hidden
NOP",0.587
"Hidden
NOP",0.587
"Gene
Fusion",0.364
"Gene
Fusion",0.364
"Gene
Fusion",0.4644999999999999
"Gene
Fusion",0.364
"Gene
Fusion",0.4644999999999999
"Gene
Fusion",0.4644999999999999
Indel,0.2378
Indel,0.7989
Indel,0.397
"Hidden
NOP",0.476
Stoploss,0.7029
Indel,0.9771
Indel,0.4773
"Hidden
NOP",0.12
Indel,0.8802
Indel,0.4459
Indel,0.4459
Indel,0.9303
Splice,0.7017
"Hidden
NOP",0.407
"Hidden
NOP",0.049
Indel,0.6266
Indel,0.5079
Indel,0.3845
"Hidden
NOP",0.311
"Gene
Fusion",0.4489999999999999
"Hidden
NOP",0.759
Indel,0.0747
"Hidden
NOP",0.61975
Indel,0.455
Indel,0.3093
Splice,0.6699
"Hidden
NOP",0.759
"Hidden
NOP",0.217
"Gene
Fusion",0.309
"Gene
Fusion",0.1285
Indel,0.2287
"Hidden
NOP",0.6214999999999999
"Hidden
NOP",0.311
Indel,0.3988
Indel,0.1416
"Gene
Fusion",0.309
Indel,0.1232
"Hidden
NOP",0.7105
Splice,0.3106
Indel,0.4289
Indel,0.4289
"Hidden
NOP",0.049
"Gene
Fusion",0.2915
"Gene
Fusion",0.4489999999999999
"Hidden
NOP",0.04125
Indel,0.2048
Indel,0.4031
Indel,0.4031
"Hidden
NOP",0.311
"Gene
Fusion",0.111
"Gene
Fusion",0.1395
"Hidden
NOP",0.311
"Hidden
NOP",0.759
"Hidden
NOP",0.066
Indel,0.1608
"Hidden
NOP",0.311
"Hidden
NOP",0.311
"Hidden
NOP",0.311
Indel,0.6448
"Hidden
NOP",0.311
Indel,0.6315
Indel,0.371
"Hidden
NOP",0.2205
Indel,0.4008
"Hidden
NOP",0.7415
Indel,0.5936
Indel,0.5074
"Hidden
NOP",0.2205
"Hidden
NOP",0.2205
Indel,0.5568
Indel,0.5568
"Gene
Fusion",0.28475
"Gene
Fusion",0.2882142857142858
"Gene
Fusion",0.2882142857142858
Indel,0.4573
"Hidden
NOP",0.245
Indel,0.3725
Indel,0.3725
Indel,0.3223
"Hidden
NOP",0.245
"Hidden
NOP",0.3165
"Gene
Fusion",0.8200000000000001
"Hidden
NOP",0.3374999999999999
"Gene
Fusion",0.8200000000000001
"Gene
Fusion",0.8200000000000001
"Hidden
NOP",0.3523
"Hidden
NOP",0.3523
"Gene
Fusion",0.2293333333333333
"Hidden
NOP",0.34239583333333334
"Hidden
NOP",0.44325
"Gene
Fusion",0.077
"Gene
Fusion",1.1275
"Hidden
NOP",0.392
"Hidden
NOP",0.482
"Hidden
NOP",0.129
"Hidden
NOP",0.4355
Indel,0.6534
"Hidden
NOP",0.2724999999999999
"Hidden
NOP",0.0735
"Gene
Fusion",0.2293333333333333
"Hidden
NOP",0.3522916666666666
"Hidden
NOP",0.482
"Hidden
NOP",0.482
"Hidden
NOP",0.199
"Gene
Fusion",0.2293333333333333
"Gene
Fusion",0.2293333333333333
"Hidden
NOP",0.368
"Gene
Fusion",0.077
"Gene
Fusion",0.077
"Hidden
NOP",0.31768749999999996
"Gene
Fusion",0.2293333333333333
"Gene
Fusion",0.8200000000000001
"Hidden
NOP",0.368
"Gene
Fusion",0.2293333333333333
"Hidden
NOP",0.129
"Hidden
NOP",0.7355
Indel,0.4297
"Hidden
NOP",0.2535
"Hidden
NOP",0.7355
"Hidden
NOP",0.7355
"Gene
Fusion",0.505
"Hidden
NOP",0.2055
Indel,0.9956
Indel,0.8998
Indel,0.7646
Indel,0.4575
"Hidden
NOP",0.2055
"Hidden
NOP",0.2055
Indel,0.8998
Indel,0.8998
"Hidden
NOP",0.4316666666666667
"Hidden
NOP",0.536
"Hidden
NOP",0.536
"Hidden
NOP",0.536
Indel,0.4885
"Hidden
NOP",0.121
"Gene
Fusion",0.166875
"Hidden
NOP",0.14
Stoploss,0.4999
"Gene
Fusion",0.166875
"Gene
Fusion",0.166875
"Hidden
NOP",0.8385
Indel,0.4252
Indel,0.9729
"Gene
Fusion",0.242
Indel,0.6517
"Gene
Fusion",0.5755
"Gene
Fusion",0.5755
"Gene
Fusion",0.5755
"Hidden
NOP",0.8385
"Gene
Fusion",0.242
"Gene
Fusion",0.242
"Gene
Fusion",0.8218333333333333
"Gene
Fusion",0.5755
"Gene
Fusion",0.8218333333333333
"Hidden
NOP",0.8385
"Hidden
NOP",0.2804999999999999
Indel,0.4252
"Gene
Fusion",0.3815
"Hidden
NOP",0.1704999999999999
Indel,0.5922
"Gene
Fusion",0.3884999999999999
Indel,1.0813
"Gene
Fusion",0.3884999999999999
"Gene
Fusion",0.3815
"Gene
Fusion",0.3815
"Gene
Fusion",0.3815
"Hidden
NOP",0.1704999999999999
"Gene
Fusion",0.3884999999999999
"Gene
Fusion",0.3884999999999999
"Hidden
NOP",0.1704999999999999
"Gene
Fusion",0.3815
"Hidden
NOP",0.1704999999999999
"Gene
Fusion",0.3815
"Hidden
NOP",0.60695
"Hidden
NOP",0.1525
"Hidden
NOP",0.1525
"Gene
Fusion",0.212
"Hidden
NOP",0.085
"Gene
Fusion",0.4565
"Hidden
NOP",0.289
Indel,0.4136
"Hidden
NOP",0.376
"Hidden
NOP",0.376
"Hidden
NOP",0.376
"Hidden
NOP",0.289
"Gene
Fusion",1.14
"Hidden
NOP",0.692
"Gene
Fusion",0.2935
"Hidden
NOP",0.692
Stoploss,0.7079
Indel,0.4373
Indel,0.7799
"Gene
Fusion",0.518
"Hidden
NOP",0.692
Indel,0.4278
"Hidden
NOP",0.6825
"Hidden
NOP",0.24
"Hidden
NOP",0.3395
"Hidden
NOP",0.3125
"Hidden
NOP",0.9735
"Gene
Fusion",0.5285
"Hidden
NOP",0.9735
"Hidden
NOP",0.9735
"Hidden
NOP",0.2875
"Hidden
NOP",0.417
"Hidden
NOP",0.3293333333333332
"Hidden
NOP",0.3293333333333332
"Hidden
NOP",0.458
"Hidden
NOP",0.458
"Hidden
NOP",0.3293333333333333
Indel,0.5314
"Hidden
NOP",0.2909
"Hidden
NOP",0.417
Splice,0.5283
Indel,0.3176
"Hidden
NOP",0.32933333333333326
"Hidden
NOP",0.458
"Hidden
NOP",0.458
"Hidden
NOP",0.417
"Hidden
NOP",0.294
"Gene
Fusion",0.084
"Hidden
NOP",0.0529999999999999
"Hidden
NOP",0.2846666666666667
"Gene
Fusion",0.3085
"Gene
Fusion",0.2425
"Gene
Fusion",0.0615
"Hidden
NOP",0.1521666666666666
"Hidden
NOP",0.19025
"Hidden
NOP",0.294
"Hidden
NOP",0.14925
"Hidden
NOP",0.6733333333333333
"Hidden
NOP",0.6372916666666667
"Hidden
NOP",0.7454166666666666
"Hidden
NOP",0.294
"Gene
Fusion",0.1674999999999999
"Hidden
NOP",0.1674999999999999
"Hidden
NOP",0.6012500000000001
"Hidden
NOP",0.6733333333333333
"Hidden
NOP",0.7454166666666666
"Hidden
NOP",0.8175
"Hidden
NOP",0.6733333333333333
"Gene
Fusion",0.42
"Hidden
NOP",0.6733333333333333
"Gene
Fusion",0.28975
"Gene
Fusion",0.0615
Indel,0.1589
"Gene
Fusion",0.1718333333333333
"Gene
Fusion",0.13
"Hidden
NOP",0.33625
"Hidden
NOP",0.33625
"Gene
Fusion",0.084
"Gene
Fusion",0.084
"Hidden
NOP",0.7454166666666666
"Hidden
NOP",0.6733333333333333
"Hidden
NOP",0.6733333333333333
"Gene
Fusion",0.42
"Gene
Fusion",0.257
"Gene
Fusion",0.1737708333333333
"Hidden
NOP",0.191
"Gene
Fusion",0.0665
"Hidden
NOP",0.33625
"Hidden
NOP",0.3905714285714286
"Hidden
NOP",0.3905714285714286
"Hidden
NOP",0.33625
"Hidden
NOP",0.1724545454545454
"Hidden
NOP",0.6733333333333333
"Hidden
NOP",0.33625
"Gene
Fusion",0.2095
"Gene
Fusion",0.084
"Gene
Fusion",0.0615
"Hidden
NOP",0.8175
"Hidden
NOP",0.6733333333333333
"Hidden
NOP",0.6733333333333333
"Hidden
NOP",0.6372916666666667
"Hidden
NOP",0.6733333333333333
"Hidden
NOP",0.1152307692307692
Stoploss,0.1564
"Hidden
NOP",0.1797499999999999
"Gene
Fusion",0.1796785714285714
"Hidden
NOP",0.1525
"Gene
Fusion",0.128
"Gene
Fusion",0.128
"Gene
Fusion",0.128
"Gene
Fusion",0.0615
"Hidden
NOP",0.294
"Hidden
NOP",0.294
"Gene
Fusion",0.257
"Hidden
NOP",0.294
"Hidden
NOP",0.6733333333333333
"Hidden
NOP",0.6012500000000001
"Gene
Fusion",0.1058333333333333
"Gene
Fusion",0.0946111111111111
"Gene
Fusion",0.1058333333333333
"Gene
Fusion",0.1058333333333333
"Gene
Fusion",0.0968125
"Gene
Fusion",0.0525
"Gene
Fusion",0.128
"Hidden
NOP",0.2575
"Hidden
NOP",0.257
"Hidden
NOP",0.294
"Hidden
NOP",0.1154999999999999
"Gene
Fusion",0.10313968253968252
"Gene
Fusion",0.1674999999999999
"Gene
Fusion",0.092125
Indel,0.2623
"Gene
Fusion",0.0615
"Gene
Fusion",0.42
"Gene
Fusion",0.1674999999999999
Indel,0.6768
"Gene
Fusion",0.3265
"Gene
Fusion",0.43925
Indel,0.9397
"Hidden
NOP",0.5415000000000001
"Hidden
NOP",0.413
"Hidden
NOP",0.4685
"Hidden
NOP",0.616
"Hidden
NOP",0.522
Indel,0.1485
"Hidden
NOP",0.522
"Hidden
NOP",0.119
"Hidden
NOP",0.762
"Hidden
NOP",0.522
Indel,1.081
Indel,0.7345
"Hidden
NOP",0.2155
Indel,1.0297
"Gene
Fusion",0.257
"Hidden
NOP",0.867
"Hidden
NOP",0.867
"Hidden
NOP",0.177
"Gene
Fusion",0.505
"Gene
Fusion",0.182
"Hidden
NOP",0.488
"Hidden
NOP",0.2155
"Hidden
NOP",0.20975
"Hidden
NOP",0.20975
Indel,0.4154
"Hidden
NOP",0.488
"Hidden
NOP",0.365
"Hidden
NOP",0.867
"Gene
Fusion",0.4535
"Hidden
NOP",0.283
"Hidden
NOP",0.867
"Gene
Fusion",0.961
"Gene
Fusion",0.594
"Gene
Fusion",0.594
"Gene
Fusion",0.594
"Hidden
NOP",0.3075
"Gene
Fusion",0.594
"Gene
Fusion",0.594
"Gene
Fusion",0.6375000000000001
"Gene
Fusion",0.3385
"Gene
Fusion",1.036
"Gene
Fusion",0.741
"Hidden
NOP",0.418
"Gene
Fusion",0.6375000000000001
"Gene
Fusion",0.741
"Gene
Fusion",0.3385
"Gene
Fusion",0.741
"Hidden
NOP",0.418
"Gene
Fusion",0.3385
Indel,0.8209
"Gene
Fusion",0.6375000000000001
"Gene
Fusion",0.6375000000000001
"Gene
Fusion",0.6375000000000001
"Gene
Fusion",0.6375000000000001
"Gene
Fusion",0.741
"Gene
Fusion",0.6
"Gene
Fusion",0.3239999999999999
"Gene
Fusion",0.34675
"Hidden
NOP",0.1775
"Hidden
NOP",0.211
"Hidden
NOP",0.2704999999999999
"Hidden
NOP",0.211
"Hidden
NOP",0.211
"Hidden
NOP",0.211
"Hidden
NOP",0.437
"Hidden
NOP",0.8125
"Hidden
NOP",0.8125
"Hidden
NOP",0.8125
"Hidden
NOP",0.8125
"Hidden
NOP",0.0775
"Hidden
NOP",0.4994999999999999
"Hidden
NOP",0.2615
"Gene
Fusion",0.3516666666666666
"Hidden
NOP",0.345
"Hidden
NOP",0.2319999999999999
"Gene
Fusion",0.1684999999999999
"Hidden
NOP",0.345
"Gene
Fusion",0.4625
"Gene
Fusion",0.4625
"Gene
Fusion",0.4625
"Hidden
NOP",0.345
"Hidden
NOP",0.2319999999999999
"Hidden
NOP",0.345
"Hidden
NOP",0.345
"Hidden
NOP",0.345
"Hidden
NOP",0.345
Indel,0.5064
"Hidden
NOP",0.345
"Gene
Fusion",0.1684999999999999
"Gene
Fusion",0.30575
"Gene
Fusion",0.41725
"Hidden
NOP",0.262
"Hidden
NOP",0.262
"Hidden
NOP",0.2185
"Gene
Fusion",0.3665
"Hidden
NOP",0.79
"Hidden
NOP",0.79
Indel,0.9101
"Hidden
NOP",0.75
"Hidden
NOP",0.75
"Hidden
NOP",0.79
"Hidden
NOP",0.2185
"Hidden
NOP",0.75
"Hidden
NOP",0.75
"Hidden
NOP",0.75
